{
  "feature_names": [
    "lidar.num_points",
    "lidar.num_voxels",
    "lidar.mean_points_per_voxel",
    "lidar.near_voxel_ratio",
    "lidar.distant_voxel_ratio",
    "lidar.distant_sparse_score",
    "lidar.valid",
    "lidar.reliability_score",
    "camera.brightness",
    "camera.contrast",
    "camera.blur_proxy",
    "camera.dark_score",
    "camera.overexposure_score",
    "camera.valid",
    "camera.reliability_score",
    "network.bandwidth_mbps",
    "network.rtt_ms",
    "network.packet_loss",
    "network.queue_delay_ms",
    "network.history_tx_delay_ms",
    "history.last_mean_score",
    "history.last_topk_mean_score",
    "history.confidence_trend",
    "history.valid",
    "history.last_num_detections",
    "local.low_lidar_region_ratio",
    "local.camera_reliable_flag",
    "local.collaborator_supply_score",
    "cav.index",
    "cav.is_ego",
    "cav.num_cavs",
    "cav.relative_distance_to_ego",
    "cav.ego_demand_mean",
    "rule.distance_proxy",
    "rule.clarity_proxy"
  ],
  "feature_mean": [
    43602.24609375,
    7110.47021484375,
    6.361205577850342,
    0.5437246561050415,
    0.09220704436302185,
    0.0009200338972732425,
    1.0,
    0.9980308413505554,
    0.14949554204940796,
    0.9774993658065796,
    0.1508258581161499,
    0.310565322637558,
    0.0,
    1.0,
    0.8913021087646484,
    1000.0,
    0.0,
    0.0,
    0.0,
    0.0,
    0.0,
    0.0,
    0.0,
    0.0,
    0.0,
    0.0,
    0.0,
    0.0,
    0.9437106251716614,
    0.3934082090854645,
    2.8874213695526123,
    0.0,
    0.0,
    0.09220705181360245,
    0.5
  ],
  "feature_std": [
    3771.8603515625,
    1570.190673828125,
    1.132839322090149,
    0.10607561469078064,
    0.031572744250297546,
    0.00347729935310781,
    9.999999974752427e-07,
    0.006932453252375126,
    0.33291828632354736,
    0.11668498814105988,
    0.03953230753540993,
    0.4449220895767212,
    9.999999974752427e-07,
    9.999999974752427e-07,
    0.1557227373123169,
    9.999999974752427e-07,
    9.999999974752427e-07,
    9.999999974752427e-07,
    9.999999974752427e-07,
    9.999999974752427e-07,
    9.999999974752427e-07,
    9.999999974752427e-07,
    9.999999974752427e-07,
    9.999999974752427e-07,
    9.999999974752427e-07,
    9.999999974752427e-07,
    9.999999974752427e-07,
    9.999999974752427e-07,
    0.9707697033882141,
    0.4885060787200928,
    0.9964340925216675,
    9.999999974752427e-07,
    9.999999974752427e-07,
    0.031572744250297546,
    9.999999974752427e-07
  ]
}